Label,# Samples,Average,Min,Max,Std. Dev.,Error %,Throughput,Received KB/sec,Sent KB/sec,Avg. Bytes
Home Page,1,1519,1519,1519,0.00,0.000%,.65833,65.04,0.15,101164.0
Search Product,1,1270,1270,1270,0.00,0.000%,.78740,59.29,0.32,77108.0
Product Click,1,2858,2858,2858,0.00,0.000%,.34990,416.49,0.51,1218898.0
Add to cart,1,425,425,425,0.00,0.000%,2.35294,82.41,0.92,35866.0
Add one year warranty SKIP,1,503,503,503,0.00,0.000%,1.98807,0.73,0.70,378.0
proceed to buy,1,769,769,769,0.00,0.000%,1.30039,47.23,0.94,37194.0
TOTAL,6,1224,425,2858,829.09,0.000%,.43805,104.85,0.26,245101.3
