Label,# Samples,Average,Min,Max,Std. Dev.,Error %,Throughput,Received KB/sec,Sent KB/sec,Avg. Bytes
Home Page,20,1329,1170,1758,147.07,0.000%,3.25362,320.12,0.74,100751.2
Search Product,20,1224,964,3027,446.75,0.000%,3.52796,303.60,1.45,88121.5
Product Click,20,2652,2420,2899,116.69,0.000%,3.02389,3603.35,4.37,1220227.6
Add to cart,20,500,401,547,27.02,0.000%,4.38404,156.60,1.71,36576.7
Add one year warranty SKIP,20,511,479,547,18.77,0.000%,4.42968,1.64,1.57,378.0
proceed to buy,20,819,697,2180,320.38,0.000%,4.31313,158.35,3.11,37595.2
TOTAL,120,1172,401,3027,771.26,0.000%,6.78810,1639.19,4.01,247275.0
